{
    "Residential": 3.17967,
    "Utilities": 38.86440,
    "MajorIndustry": 6.00953,
    "LightIndustry": 7.44413,
    "Business": 9.61864,
    "Rec_NonProfit": 5.13217,
    "Farm": 17.99
}
